Live Site URI,New Redirect URI
/,
/3-ways-to-bring-your-business-to-the-next-level/,
/5-ways-to-personalize-your-packaging-for-e-commerce-customers/,
/about/,/about-us/
/about-us/,
/author/mcynar/,
/avoid-shipping-orders-with-multiple-boxes/,
/blog/,
/cart-4/,
/client-case-studies/,
/client-case-studies/health-supplements/,
/client-case-studies/t-shirts/,
/common-scenarios-for-shipping-in-an-ecommerce-business/,
/contact-us/,
/conversion-rate-formula-for-your-e-commerce-store/,
/dimensional-weight-vs-actual-weight/,
/e-commerce-mastermind/,
/fulfillment-service-can-startups-benefit/,
/fulfillment-specialties/,
/fulfillment-specialties/ecommerce-consulting-2/,
/fulfillment-specialties/ecommerce-order-fulfillment/,
/fulfillment-specialties/global-multi-channel-fulfillment/,
/fulfillment-specialties/global-multi-channel-fulfillment/asia-fulfillment/,
/fulfillment-specialties/global-multi-channel-fulfillment/australia-fulfillment/,
/fulfillment-specialties/global-multi-channel-fulfillment/canada-fulfillment/,
/fulfillment-specialties/global-multi-channel-fulfillment/uk-europea-fulfillment/,
/fulfillment-specialties/national-fulfillment-services/,
/fulfillment-specialties/order-fulfillment-service/,
/fulfillment-specialties/returns-management/,
/get-free-quote,
/get-free-quote/,
/getting-in-the-game-selling-to-major-retailers/,
/go-green-alternative-to-traditional-gift-wrap/,
/great-new-crazy-products-from-giantmicrobes-com/,
/grow-a-great-e-commerce-biz-by-doing-7-things/,
/grow-a-great-e-commerce-biz-by-doing-7-things/www.bigcommerce.com,
/having-a-hard-time-knowing-when-to-reorder-inventory/,
/how-an-e-commerce-fulfillment-company-can-increase-your-profit-margins/,
/how-fulfilltopia-works/,
/how-fulfilltopia-works/how-it-works/,
/how-to-choose-the-right-e-commerce-platform/,
/how-to-design-an-e-commerce-page-from-inc-magazine/,
/how-to-determine-ecommerce-shipping-costs/,
/increase-e-commerce-recurring-sales/,
/insights-from-presidentcoo-of-godaddy-com/,
/international-ecommerce-shipping-pitfalls/,
/internet-marketing-simplified/,
/internet-marketing-summit/,
/keeping-shipping-options-simple-generic/,
/legal-information/,
/mistakes-avoid-selling-marketplaces-like-amazon-groupon/,
/ontario-canada-order-fulfillment/,
/optimizing-shipping-fulfillment-cost-selling-retailers/,
/overwhelmed-with-handling-your-own-order-fulfillment-for-your-e-commerce-business/,
/products-we-fulfill/,
/products-we-fulfill/health-supplements/,
/products-we-fulfill/t-shirts/,
/promote-ecommerce-website-facebook/,
/quote/,
/reach-70-of-the-us-population-from-virginia-in-1-3-days/,
/running-out-of-inventory-storage-in-your-product-based-business/,
/selling-on-walmart-com/,
/shipping-delicate-items/,
/shipping-strategies-series-part-1-cost-of-shipping-vs-cost-of-order/,
/shipping-strategies-series-part-2-when-should-i-offer-free-shipping-on-my-e-commerce-store/,
/shop/,
/simplifying-international-shipping-for-your-retail-business/,
/slider-1/,
/slider-2/,
/slider-3/,
/slider-4/,
/thank-you/,
/the-making-of-trouble-with-tribbles-movie-fulfillment-from-out-of-this-world/,
/the-next-big-international-fashion-brand-check-this-out/,
/think-outside-the-box-book-series-web-form-design-rosenfeld-media/,
/third-party-order-fulfillment-vs-drop-shipping-whats-difference/,
/t-shirt-fulfillment-services/,
/understanding-fulfillment-companies/,
/using-custom-gift-wrap-for-branding/,
/we-get-ecommerce-2/,
/when-to-use-an-order-fulfillment-service-in-your-ecommerce-business/,
/which-shipping-options-should-i-set-up-in-my-e-commerce-store/,
/why-choose-us/,
/why-choose-us/ecommerce-fulfillment-integration/,
/why-choose-us/online-reporting-software/,
/why-choose-us/our-facilities/,
/why-choose-us/our-team/,
/why-choose-us/save-time-money/,
/why-choose-us/simple-systems-integration/,
/why-choose-us-2/ecommerce-fulfillment-integration/,
/why-choose-us-2/online-reporting-software/,
/why-choose-us-2/our-facilities/,
/why-choose-us-2/our-team/,
/why-choose-us-2/save-time-money/,
/why-choose-us-2/simple-systems-integration/,
/why-owners-ideas-fail-from-an-e-commerce-perspective/,
/zappos-and-their-core-values/,
